country,city,id_hdc_g0
Côte d'Ivoire,Abidjan,1675
Côte d'Ivoire,Bouak,1642
SÃ£o TomÃ© and PrÃ­ncipe,Sio TomA,2485
Nigeria,Aba,2574
Pakistan,Abbottabad,6323
Nigeria,Abeokuta,2139
United Arab Emirates,Abu Dhabi,5909
Nigeria,Abuja,2565
Mexico,Acapulco,122
Ghana,Accra,1910
Sudan,Ad Da'ein,3658
Iraq,Ad Diwaniyah,5428
Turkey,Adana,4237
Ethiopia,Addis Ababa,5134
Australia,Adelaide,12977
Morocco,Agadir,1544
India,Agartala,9975
India,Agra,7264
Mexico,Aguascalientes,112
India,Ahmadnagar,7197
India,Ahmedabad,6651
Iran,Ahwaz,5712
India,Ajmer,6744
India,Akola,7547
Nigeria,Akure,2312
United Arab Emirates,Al Ain,5924
Egypt,Al Ismailiya,4081
Sudan,Al Managil,4412
Sudan,Al-Fashir,3615
Egypt,Al-Minya,3915
Sudan,Al-Ubayyid,4140
Egypt,Al-Zaqaziq,3968
India,Alappuzha,7923
United States,Albuquerque,196
Syrian Arab Republic,Aleppo,4417
Egypt,Alexandria,3751
Algeria,Algiers,2095
India,Aligarh,7227
Kazakhstan,Almaty,6174
India,Alwar,6995
Nigeria,Amaigbo,2491
Iraq,Amarah,5580
India,Ambala,6816
Jordan,Amman,4408
India,Amravati,7680
India,Amritsar,6548
Netherlands,Amsterdam,2167
Egypt,An Nazlah,3995
India,Anand,6704
Philippines,Angeles,12803
Turkey,Ankara,3809
China,Anqing,12000
China,Anshan,11401
Turkey,Antalya,3729
Madagascar,Antananarivo,5792
Belgium,Antwerp,2133
China,Anyang,10923
Brazil,Aracaju,1430
Iran,Ardabil,5501
Peru,Arequipa,753
Tanzania,Arusha,4800
India,Asansol,9402
Turkmenistan,Ashgabat,5893
Eritrea,Asmara,5065
Russia,Astrakhan,5066
Paraguay,Asuncion,1074
Egypt,Asyut,4027
Saudi Arabia,At Taif,5190
Iraq,At Tarimiyah,5337
Greece,Athens,3420
United States,Atlanta,559
New Zealand,Auckland,13129
India,Aurangabad,7266
United States,Austin,273
India,Azamgarh,8462
Philippines,Bacolod,12951
Iraq,Baghdad,5314
India,Bahraich,7944
United States,Bakersfield,29
Azerbaijan,Baku,5528
Indonesia,Balikpapan,12755
India,Ballari,7819
India,Ballia,8706
India,Balrampur,8096
Moldova,Balti,3468
United States,Baltimore,880
Mali,Bamako,1553
India,Banda,7866
Indonesia,Bandar Lampung,11719
Brunei,Bandar Seri Begawan,12715
Indonesia,Bandung,12044
Thailand,Bangkok,10715
Central African Republic,Bangui,3363
Egypt,Banha,3913
Indonesia,Banjarmasin,12710
China,Baoding,10753
China,Baoji,10342
China,Baotou,10186
Spain,Barcelona [Spain],2051
Bolivarian Republic of Venezuela,Barcelona [Venezuela],904
India,Bareilly,7436
Russia,Barnaul,6098
Bolivarian Republic of Venezuela,Barquisimeto,783
Colombia,Barranquilla,626
Iraq,Basra,5668
India,Basti,8290
Equatorial Guinea,Bata,2861
Indonesia,Batam City,11547
Nigeria,Bauchi,2853
India,Begusarai,9131
China,Beihai,11620
China,Beijing,10687
Lebanon,Beirut,4337
India,Belagavi,7322
Brazil,Belem,1165
Serbia,Belgrade,3270
Belize,Belize City,358
Brazil,Belo Horizonte,1346
Moldova,Bender,3534
India,Bengaluru,8050
China,Bengbu,11768
Democratic Republic of the Congo,Beni,4099
Nigeria,Benin City,2354
China,Benxi,11493
India,Berhampore,9619
Germany,Berlin,2851
India,Bhadohi,8395
India,Bhavnagar,6654
India,Bhind,7483
India,Bhinga,8008
India,Bhopal,7459
India,Bhubaneshwar,9478
India,Bihar Sharif,9067
India,Bikaner,6559
India,Bilaspur,8578
Spain,Bilbao,1737
China,Binhai,11011
United Kingdom,Birmingham,1800
Kyrgyzstan,Bishkek,6130
Guinea-Bissau,Bissau,1477
Macedonia,Bitola,3338
Algeria,Blida,2089
Burkina Faso,Bobo-Dioulasso,1669
Colombia,Bogota,621
Bangladesh,Bogura,9726
India,Bokaro,9278
France,Bordeaux,1897
United States,Boston,1022
United States,Bradenton,500
Bangladesh,Brahmanbaria,9924
India,Brahmapur,9345
Slovakia,Bratislava,3069
Republic of the Congo,Brazzaville,3211
United States,Bridgeport,972
Barbados,Bridgetown,1031
Australia,Brisbane,13076
United Kingdom,Bristol,1771
Belgium,Brussels,2135
Colombia,Bucaramanga,670
Romania,Bucharest,3444
Hungary,Budapest,3193
India,Budaun,7430
Argentina,Buenos Aires,1105
United States,Buffalo,890
Burundi,Bujumbura,4078
Democratic Republic of the Congo,Bukavu,4007
Malaysia,Bukit Mertajam,10956
India,Bulandshahr,7145
Zimbabwe,Bulawayo,3777
Democratic Republic of the Congo,Bunia,4200
Sudan,Buram,3614
Turkey,Bursa,3589
Republic of Korea,Busan,12678
Angola,Cabinda,3002
Philippines,Cagayan de Oro,13005
Egypt,Cairo,3902
Nigeria,Calabar,2722
Canada,Calgary,362
Colombia,Cali,512
Brazil,Campinas,1291
Brazil,Campo Grande,1091
Vietnam,Can Tho,11673
Mexico,Cancun,394
China,Cangzhou,11007
South Africa,Cape Town,3268
Bolivarian Republic of Venezuela,Caracas,857
Colombia,Cartagena,586
Morocco,Casablanca,1575
Philippines,Cebu City,12981
Brazil,Ceilhndia,1210
India,Chandigarh,6760
Bhutan,Chang bangdu,9611
China,Changchun,11248
China,Changde,11349
China,Changsha,11626
China,Changshu,12346
Republic of Korea,Changwon,12668
China,Changzhi,10782
China,Changzhou,12250
Bangladesh,Chapainawabganj,9590
Bangladesh,Chattogram,10035
Russia,Chelyabinsk,5633
China,Chengdu,10297
India,Chennai,8675
Republic of Korea,Cheongju-si,12524
India,Chhapra,8821
United States,Chicago,634
Peru,Chiclayo,442
China,Chifeng,10721
Mexico,Chihuahua,111
Moldova,Chisinau,3498
Democratic People's Republic of Korea,Chongjin,12221
China,Chongqing,10607
Indonesia,Cilacap,12256
Indonesia,Cilegon,11834
United States,Cincinnati,681
Indonesia,Cirebon,12179
Bolivarian Republic of Venezuela,Ciudad Guayana,957
Mexico,Ciudad Jumrez,143
Paraguay,Ciudad del Este,1118
China,Cixi,12479
United States,Cleveland,790
Bolivia,Cochabamba,897
Colombia,Cocuta,689
India,Coimbatore,8023
Germany,Cologne,2310
Sri Lanka,Colombo,8835
United States,Columbus,729
Bangladesh,Comilla,9938
Guinea,Conakry,1502
Chile,Concepcion,914
United States,Concord,18
Algeria,Constantine,2377
Denmark,Copenhagen,2749
Argentina,Cordoba,1035
Benin,Cotonou,2078
Mexico,Cuernavaca,153
Brazil,Cuiab,1063
Mexico,Culiacln,73
Brazil,Curitiba,1242
India,Cuttack,9474
Vietnam,Da Nang,11821
Republic of Korea,Daegu,12651
Republic of Korea,Daejeon,12540
Bangladesh,Daganbhuiyan,10000
Philippines,Dagupan,12772
Senegal,Dakar,1452
China,Dalian,11540
United States,Dallas,323
Syrian Arab Republic,Damascus,4407
Egypt,Damietta,4000
Saudi Arabia,Dammam,5820
China,Dandong,11767
Tanzania,Dar es Salaam,5222
India,Darbhanga,9047
India,Darjeeling,9425
China,Datong,10398
India,Davanagere,7655
Philippines,Davao City,13024
China,Dazhou,10590
India,Deesa,6592
India,Dehradun,7016
India,Delhi,6955
Turkey,Denizli,3623
Indonesia,Denpasar,12708
United States,Denver,272
India,Deoria,8552
United States,Detroit,770
China,Dezhou,11051
Bangladesh,Dhaka,9872
India,Dhanbad,9284
India,Dharwad,7439
India,Dhule,7109
Timor-Leste,Dili,13015
India,Dimapur,10060
India,Dindigul,8309
Turkey,Diyarbakir,4599
Djibouti,Djibouti,5578
Ukraine,Dnipro,3754
Qatar,Doha,5865
Ukraine,Donetsk,4083
China,Dongying,11332
Germany,Dortmund,2276
Cameroon,Douala,2850
Macedonia,Drachevo,3337
Germany,Dresden,2887
United Arab Emirates,Dubai,5915
Ireland,Dublin,1656
Iraq,Duhok,4910
Mexico,Durango,93
South Africa,Durban,3868
India,Durg,8464
Tajikistan,Dushanbe,6045
Germany,Dusseldorf,2288
Canada,Edmonton,403
Bolivia,El Alto,849
Egypt,El Mahalla El Kubra,3889
Nigeria,Enugu,2593
Iraq,Erbil,5159
India,Erode,8188
Turkey,Eskisehir,3661
India,Etah,7376
India,Etawah,7491
India,Ettumanoor,7973
South Africa,Evaton,3672
Pakistan,Faisalabad,6405
Egypt,Faiyum,3862
India,Faizabad,8123
China,Fancheng,11113
India,Farrukhabad,7558
India,Fatehpur,7924
Brazil,Feira de Santana,1411
Morocco,Fez,1664
India,Firozabad,7355
Brazil,Florianopolis,1281
Comoros,Fomboni,5632
Brazil,Fortaleza,1406
Germany,Frankfurt am Main,2445
Sierra Leone,Freetown,1507
United States,Fresno,46
Japan,Fukuoka,12741
China,Fushun,11398
China,Fuxin,11106
China,Fuyang,11535
China,Fuzhou,12566
Botswana,Gaborone,3587
China,Ganzhou,12145
Cameroon,Garoua,3071
Indonesia,Garut,12090
India,Gaya,8978
Egypt,Gaza,4285
Turkey,Gaziantep,4424
Poland,Gdansk,3060
Italy,Genoa,2535
Malaysia,George Town,10940
Guyana,Georgetown,1038
India,Ghazipur,8598
Egypt,Girga,4133
India,Giridih,9272
United Kingdom,Glasgow,1709
Brazil,Goitnia,1177
Democratic Republic of the Congo,Goma,4052
India,Gonda,8078
India,Gorakhpur,8404
Macedonia,Gostivar,3321
Mexico,Guadalajara,88
China,Guangzhou,12080
Guatemala,Guatemala City,288
Ecuador,Guayaquil,427
China,Guilin,11492
China,Guiyang,10854
Pakistan,Gujranwala,6469
Pakistan,Gujrat,6447
India,Guntur,8584
India,Guruvayur,7779
India,Guwahati,9915
India,Gwalior,7387
Republic of Korea,Gwangju,12611
China,Haikou,11925
Vietnam,Haiphong,11275
Japan,Hamamatsu,12958
Germany,Hamburg,2531
Iran,Hamedan,5605
Democratic People's Republic of Korea,Hamhung,12224
China,Handan,10912
India,Handia,8310
China,Hangzhou,12386
Vietnam,Hanoi,11136
Germany,Hanover,2523
Zimbabwe,Harare,4171
China,Harbin,11112
India,Hardoi,7665
Somalia,Hargeisa,5685
India,Haridwar,7055
Cuba,Havana,473
China,Hefei,11881
China,Hegang,11279
Finland,Helsinki,3244
China,Hengyang,11698
Afghanistan,Herat,5959
Mexico,Hermosillo,65
Iraq,Hindiya,5362
Japan,Hiroshima,12778
Vietnam,Ho Chi Minh City,11800
Yemen,Hodeidah,5538
Saudi Arabia,Hofuf,5817
China,Hohhot,10265
Bangladesh,Homna,9933
Syrian Arab Republic,Homs,4426
China,Hong Kong,12274
Solomon Islands,Honiara,13133
United States,Honolulu,1
United States,Houston,315
Taiwan,Hsinchu,12691
China,Huadu,12095
China,Huai'an,11937
China,Huaibei,11551
Angola,Huambo,3227
China,Huangdao,11788
China,Huangshi,11739
China,Huiyang,12306
China,Huizhou,12279
China,Huludao,11179
India,Hyderabad [India],8005
Pakistan,Hyderabad [Pakistan],6251
Nigeria,Ibadan,2189
Colombia,Ibagu,575
Nigeria,Ikorodu,2165
Nigeria,Ilorin,2240
India,Imphal,10084
United States,Indianapolis,651
India,Indore,7190
Malaysia,Ipoh,11074
Jordan,Irbid,4393
Iran,Isfahan,5811
Turkey,Istanbul,3562
Nepal,Itahari,9245
Russia,Izhevsk,4761
Turkey,Izmir,3528
Turkey,Izmit,3619
India,Jabalpur,7970
India,Jaipur,6893
Indonesia,Jakarta,11862
India,Jalandhar,6618
India,Jalgaon,7248
India,Jalpaiguri,9524
Indonesia,Jambi,11489
India,Jammu,6503
India,Jamnagar,6458
India,Jamshedpur,9359
India,Jaunpur,8384
India,Jaynagar Majilpur,9756
Saudi Arabia,Jeddah,4921
Indonesia,Jember,12650
Republic of Korea,Jeonju,12571
Israel,Jerusalem,4351
Bangladesh,Jessore,9820
India,Jhansi,7518
China,Jiamusi,11368
China,Jiangyin,12275
China,Jiaozuo,10910
China,Jiaxing,12409
China,Jieyang,12430
China,Jilin,11415
China,Jinan,11223
China,Jingzhou,11300
China,Jinhua,12421
China,Jining,11341
China,Jinzhou,11161
China,Jiujiang,11940
Brazil,Joao Pessoa,1449
Cape Verde,Joao Teves,1451
India,Jodhpur,6595
South Africa,Johannesburg,3673
Indonesia,Jombang,12576
Nigeria,Jos,2765
Afghanistan,Kabul,6118
Nigeria,Kaduna,2570
China,Kaifeng,11111
India,Kalaburagi,7702
Uganda,Kampala,4427
Democratic Republic of the Congo,Kananga,3486
Japan,Kanazawa,12869
Afghanistan,Kandahar,6056
Sri Lanka,Kandy,9006
India,Kannur,7609
Nigeria,Kano,2717
India,Kanpur,7756
United States,Kansas City,411
Taiwan,Kaohsiung,12709
South Sudan,Kapoeta,4541
Pakistan,Karachi,6169
Iraq,Karbala,5332
Nepal,Kathmandu,8759
India,Katihar,9428
Poland,Katowice,3134
Turkey,Kayseri,4216
Russia,Kazan,4552
Sudan,Kebkabiya,3548
Iran,Kerman,5919
Iran,Kermanshah,5515
India,Kharagpur,9598
Ukraine,Kharkiv,3781
Sudan,Khartoum,4335
Bangladesh,Khulna,9863
Rwanda,Kigali,4172
Jamaica,Kingston,600
Democratic Republic of the Congo,Kinshasa,3209
Iraq,Kirkuk,5259
Democratic Republic of the Congo,Kisangani,3625
Bangladesh,Kishoreganj,9905
Japan,Kitakyushu,12743
Zambia,Kitwe,3811
South Africa,Klipgat,3697
India,Kochi,7887
India,Kolhapur,7218
India,Kolkata,9691
India,Kollam,7963
Turkey,Konya,3843
India,Kota,7028
Malaysia,Kota Kinabalu,12732
India,Kozhikode,7724
Poland,Krakow,3205
Russia,Krasnodar,4306
Russia,Krasnoyarsk,6266
India,Krishnanagar,9707
Ukraine,Kryvyi Rih,3670
Malaysia,Kuala Lumpur,11139
India,Kuchai Kot,8616
Japan,Kumamoto,12769
Macedonia,Kumanovo,3343
Ghana,Kumasi,1785
Indonesia,Kuningan,12199
China,Kunming,10476
India,Kushinagar,8530
Kuwait,Kuwait City,5705
Ukraine,Kyiv,3517
Argentina,La Plata,1117
Nigeria,Lagos,2125
Pakistan,Lahore,6473
India,Lakhimpur,7731
Bangladesh,Lakshmipur,9958
China,Lanzhou,10122
United States,Las Vegas,74
India,Latur,7588
United Kingdom,Leeds,1819
Mexico,Leon,119
China,Lianyungang,11838
China,Liaocheng,11132
China,Liaoyang,11411
Gabon,Libreville,2834
France,Lille,2080
Malawi,Lilongwe,4495
Peru,Lima,528
China,Linfen,10614
China,Linyi,11599
Portugal,Lisbon,1551
China,Liuzhou,11438
United Kingdom,Liverpool,1751
Slovenia,Ljubljana,2965
Poland,Lodz,3153
Togo,Lom,2020
United Kingdom,London,1912
Brazil,Londrina,1162
Vietnam,Long Xuyen,11624
China,Longgang,12599
United States,Los Angeles,14
United States,Louisville,624
Angola,Luanda,3050
Angola,Lubango,3065
Democratic Republic of the Congo,Lubumbashi,3756
India,Lucknow,7854
India,Ludhiana,6659
China,Luohe,11199
China,Luoyang,10860
Zambia,Lusaka,3798
Luxembourg,Luxembourg,2253
Egypt,Luxor,4243
China,Luzhou,10536
Ukraine,Lviv,3351
France,Lyon,2186
China,Ma'anshan,12073
Brazil,Macei,1438
Indonesia,Madiun,12499
Spain,Madrid,1701
India,Madurai,8344
Indonesia,Magelang,12395
Democratic Republic of the Congo,Mahagi,4278
Nigeria,Maiduguri,3044
India,Mainpuri,7473
Indonesia,Makassar,12863
Russia,Makhachkala,5250
Spain,Malaga,1677
India,Malappuram,7797
Maldives,Male,7464
India,Malegaon,7084
Nicaragua,Managua,367
Bahrain,Manama,5836
Brazil,Manaus,1006
United Kingdom,Manchester,1780
Myanmar,Mandalay,10155
India,Mangaluru,7496
Egypt,Mansoura,3927
China,Maoming,11891
Mozambique,Maputo,4220
Argentina,Mar del Plata,1141
Bolivarian Republic of Venezuela,Maracaibo,719
Bolivarian Republic of Venezuela,Maracay,833
Pakistan,Mardan,6238
Cameroon,Maroua,3141
Morocco,Marrakesh,1570
France,Marseille,2228
Lesotho,Maseru,3631
Iran,Mashhad,5918
Eritrea,Massawa,5169
Indonesia,Mataram,12725
Bolivarian Republic of Venezuela,Maturin,951
India,Mau,8557
Democratic Republic of the Congo,Mbuji-Mayi,3541
Saudi Arabia,Mecca,5073
Indonesia,Medan,10692
Colombia,MedellAn,561
Saudi Arabia,Medina,4907
India,Meerut,7061
Morocco,Meknes,1643
Australia,Melbourne,13023
Argentina,Mendoza,966
Mexico,Merida,350
Turkey,Mersin,4182
Mexico,Mexicali,57
Mexico,Mexico City,154
United States,Miami,556
China,Mianyang,10319
Italy,Milan,2559
United States,Milwaukee,675
United States,Minneapolis,554
Belarus,Minsk,3401
India,Mirzapur,8405
Somalia,Mogadishu,5765
Indonesia,Mojokerto,12601
Cameroon,Mokolo,3108
Kenya,Mombasa,5329
Monaco,Monaco,2406
Liberia,Monrovia,1526
Mexico,Monterrey,200
Uruguay,Montevideo,1138
Canada,Montreal,1017
India,Moradabad,7251
Mexico,Morelia,116
Japan,Moriyama,12902
Russia,Moscow,3675
Iraq,Mosul,4990
China,Mudanjiang,11708
Pakistan,Multan,6337
India,Mumbai,6845
Germany,Munich,2784
India,Muzaffarnagar,7030
India,Muzaffarpur,8913
Tanzania,Mwanza,4470
Vietnam,My Tho,11769
Bangladesh,Mymensingh,9866
India,Mysuru,7885
Chad,N'Djamena,3186
Japan,Nagoya,12914
India,Nagpur,7927
Japan,Naha,12882
Kenya,Nairobi,4808
Iraq,Najaf,5387
Uzbekistan,Namangan,6080
Mozambique,Nampula,5145
China,Nanchang,12010
China,Nanchong,10471
India,Nanded-Waghala,7697
China,Nanjing,12072
China,Nanning,11382
India,Nanpara,7889
China,Nantong,12319
China,Nanyang,11068
Italy,Naples,2980
India,Nashik,6970
Iraq,Nasiriyah,5533
Bahamas,Nassau,669
Brazil,Natal,1442
India,Neeleshwaram,7548
India,Nellore,8599
United States,New Orleans,400
Taiwan,New Taipei,12696
United States,New York,945
United Kingdom,Newcastle upon Tyne,1830
Niger,Niamey,2067
France,Nice,2368
Cyprus,Nicosia,4094
China,Ningbo,12528
Russia,Nizhny Novgorod,4195
Bangladesh,Noakhali,9987
United Kingdom,Nottingham,1857
Mauritania,Nouakchott,1474
Brazil,Novo Hamburgo,1214
Russia,Novosibirsk,6025
Mexico,Nuevo Laredo,234
Kazakhstan,Nur-Sultan,5936
Germany,Nuremberg,2730
Sudan,Nyala,3596
Mexico,Oaxaca,202
Nigeria,Oboama Nguru,2557
India,Obra,8576
Ukraine,Odesa,3581
Japan,Okayama,12838
Nigeria,Okene,2414
United States,Oklahoma City,349
United States,Omaha,417
Russia,Omsk,5914
Nigeria,Onitsha,2484
Algeria,Oran,1890
United States,Orlando,568
Japan,Osaka,12858
Norway,Oslo,2493
Canada,Ottawa,989
Burkina Faso,Ouagadougou,1799
Morocco,Oujda,1787
Nigeria,Oyo,2191
Indonesia,Padang,10988
Indonesia,Palembang,11653
Italy,Palermo,2959
Panama,Panama City,458
India,Panipat,6912
China,Panjin,11295
Suriname,Paramaribo,1059
France,Paris,2046
Indonesia,Pati,12444
India,Patiala,6750
India,Patna,8914
Indonesia,Pekalongan,12334
Indonesia,Pekanbaru,11146
Colombia,Pereira,542
Australia,Perth,11640
Pakistan,Peshawar,6203
United States,Philadelphia,898
Cambodia,Phnom Penh,11478
United States,Phoenix,79
India,Pilibhit,7497
China,Pingdingshan,11088
China,Pingxiang,11826
United States,Pittsburgh,819
Montenegro,Podgorica,3243
Republic of the Congo,Pointe-Noire,2982
Indonesia,Pontianak,12351
South Africa,Port Elizabeth,3505
Nigeria,Port Harcourt,2511
Mauritius,Port Louis,5960
Papua New Guinea,Port Moresby,13120
Egypt,Port Said,4074
Sudan,Port Sudan,4702
Trinidad and Tobago,Port of Spain,987
Haiti,Port-au-Prince,741
United States,Portland,101
Portugal,Porto,1569
Brazil,Porto Alegre,1218
Benin,Porto-Novo,2101
Poland,Poznan,3012
Czech Republic,Prague,2927
India,Pratapgarh,8208
India,Prayagraj,8201
South Africa,Pretoria,3698
Macedonia,Prilep,3344
United States,Providence,1009
India,Puducherry,8661
Mexico,Puebla,177
China,Pukou,12056
India,Pune,7041
Indonesia,Purwokerto,12287
China,Putian,12585
China,Puyang,11090
Democratic People's Republic of Korea,Pyongyang,12109
Uzbekistan,Qarshi,5980
China,Qingdao,11771
China,Qingyuan,12041
China,Qinhuangdao,11144
China,Qiqihar,10556
Iran,Qom,5756
China,Quanzhou,12569
Canada,Quebec,1048
Mexico,Querrtaro,139
Pakistan,Quetta,6116
Philippines,Quezon City,12829
Ecuador,Quito,467
Morocco,Rabat,1595
India,Rae Bareli,7998
India,Raiganj,9505
India,Raipur,8513
India,Rajamahendravaram,8863
India,Rajkot,6522
Bangladesh,Rajshahi,9650
India,Rampur,7341
India,Ranchi,9160
Bangladesh,Rangpur,9657
Iran,Rasht,5611
Pakistan,Rawalpindi,6329
Brazil,Recife,1445
Iceland,Reykjavik,1510
Mexico,Reynosa,237
Brazil,Ribeirao Preto,1257
Latvia,Riga,3269
Puerto Rico,Rio Piedras,902
Brazil,Rio de Janeiro,1361
Saudi Arabia,Riyadh,5698
China,Rizhao,11764
Italy,Rome,2897
Argentina,Rosario,1070
Russia,Rostov-on-Don,4288
Netherlands,Rotterdam,2123
India,Rourkela,9155
Moldova,Rybnitsa,3501
United States,Sacramento,49
India,Sagar,7673
India,Saharanpur,6965
Russia,Saint Petersburg,3396
India,Salem,8278
United States,Salt Lake City,193
Argentina,Salta,969
Mexico,Saltillo,178
Brazil,Salvador,1420
Russia,Samara,4756
Indonesia,Samarinda,12763
Uzbekistan,Samarkand,5991
India,Sambhal,7267
Turkey,Samsun,4207
United States,San Antonio,250
Costa Rica,San Jose [Costa Rica],392
United States,San Jose [USA],10
Mexico,San Luis Potosi,144
Argentina,San Miguel de Tucumhn,991
Honduras,San Pedro Sula,345
El Salvador,San Salvador,321
Yemen,Sana'a,5635
India,Sandila,7766
India,Sangli,7288
India,Sansarpur,7670
Bolivia,Santa Cruz de la Sierra,976
Chile,Santiago,931
Dominican Republic,Santiago de los Caballeros,797
Dominican Republic,Santo Domingo,816
Brazil,Santos,1320
Brazil,Sao Goncalo,1372
Brazil,Sao Jose dos Campos,1324
Brazil,Sao Luis,1312
Brazil,Sao Paulo,1303
Japan,Sapporo,12736
Bosnia and Herzegovina,Sarajevo,3196
Russia,Saratov,4554
Pakistan,Sargodha,6353
India,Satna,8067
United States,Seattle,140
Oman,Seeb,5958
Indonesia,Semarang,12384
Japan,Sendai,12931
Republic of Korea,Seoul,12389
Gambia,Serrekunda,1455
Spain,Seville,1632
Tunisia,Sfax,2837
China,Sha Tin,12291
India,Shahabad,7601
India,Shahjahanpur,7566
China,Shanghai,12400
China,Shangqiu,11329
China,Shaoyang,11504
United Kingdom,Sheffield,1838
China,Shenyang,11334
China,Shijiazhuang,10718
Iran,Shiraz,5854
China,Shiyan,10861
China,Shizong Qu,11544
Japan,Shizuoka,12972
Kazakhstan,Shymkent,6003
Pakistan,Sialkot,6476
India,Sikar,6752
India,Silchar,10041
India,Siliguri,9463
Turkey,Sincan,3795
Singapore,Singapore,11498
Bangladesh,Sirajganj,9780
India,Sitamarhi,8911
India,Sitapur,7750
Macedonia,Skopje,3332
Bulgaria,Sofia,3381
Egypt,Sohag,4104
Nigeria,Sokoto,2311
India,Solapur,7509
Brazil,Sorocaba,1286
India,Srinagar,6442
United States,St. Louis,487
Sweden,Stockholm,2973
Germany,Stuttgart,2514
Iraq,Sulaymaniyah,5379
India,Sultanpur,8183
Indonesia,Sumenep,12666
Indonesia,Surabaya,12610
India,Surat,6728
Fiji,Suva,13135
China,Suzhou,12298
Pakistan,Swat City,6234
Australia,Sydney,13043
Bangladesh,Sylhet,9982
Yemen,Ta'izz,5639
Iran,Tabriz,5354
Niger,Tahoua,2315
China,Tai'an,11317
Taiwan,Taichung,12693
Taiwan,Tainan,12703
China,Taiyuan,10532
China,Taizhou,12618
Japan,Takasaki,12947
Ghana,Takoradi,1779
Estonia,Tallinn,3255
India,Tamluk,9653
United States,Tampa,501
Mexico,Tampico,221
Bangladesh,Tangail,9845
Morocco,Tangier,1635
China,Tangshan,10991
Egypt,Tanta,3869
Uzbekistan,Tashkent,6008
Indonesia,Tasikmalaya,12136
Georgia,Tbilisi,4917
Indonesia,Tegal,12253
Honduras,Tegucigalpa,359
Iran,Tehran,5737
Israel,Tel Aviv,4309
Brazil,Teresina,1343
Macedonia,Tetovo,3324
India,Thalassery,7669
India,Thanagaon,7869
Greece,Thessaloniki,3384
India,Thiruvananthapuram,8095
India,Thrissur,7864
China,Tianjia an,11738
China,Tianjin,10922
United States,Tijuana,21
Albania,Tirana,3274
Moldova,Tiraspol,3537
India,Tiruchirappalli,8448
India,Tirupati,8505
India,Tiruppur,8104
Japan,Tokyo,12964
Mexico,Toluca,146
Russia,Tolyatti,4668
Russia,Tomsk,6019
China,Tongliao,10926
Canada,Toronto,875
Mexico,Torreon,126
Senegal,Touba,1473
France,Toulouse,2017
Libya,Tripoli,2971
Peru,Trujillo,466
Democratic Republic of the Congo,Tshikapa,3434
United States,Tucson,84
India,Tulsipur,8139
Indonesia,Tulungagung,12531
Tunisia,Tunis,2767
Italy,Turin,2405
Mexico,Tuxtla Gutierrez,249
Russia,Tyumen,5735
Brazil,Uberlandia,1228
India,Uchkagaon,8638
India,Udaipur,6712
Russia,Ufa,5344
India,Ujjain,7158
Mongolia,Ulaanbaatar,9602
Republic of Korea,Ulsan,12682
India,Unnao,7796
Iran,Urmia,5243
China,Urumqi,7045
Nigeria,Uyo,2674
India,Vadodara,6737
Spain,Valencia [Spain],1911
Bolivarian Republic of Venezuela,Valencia [Venezuela],821
Malta,Valletta,3034
Canada,Vancouver,187
India,Varanasi,8463
India,Vasai-Virar,6840
India,Vellore,8474
Mexico,Veracruz,225
Austria,Vienna,3027
Laos,Vientiane,10853
India,Vijayapura,7510
India,Vijayawada,8628
Brazil,Vila Velha,1400
Mexico,Villahermosa,255
Lithuania,Vilnius,3339
Chile,Vina del Mar,901
United States,Virginia Beach,847
India,Visakhapatnam,9122
Russia,Vladivostok,12251
Russia,Volgograd,4571
Russia,Voronezh,4028
Sudan,Wad Madan,4464
Pakistan,Wah Cantonment,6302
India,Waidhan,8520
India,Warangal,8284
Nigeria,Warri,2363
Poland,Warsaw,3216
United States,Washington D.C.,855
China,Weifang,11519
China,Weihai,11856
China,Wenzhou,12578
Namibia,Windhoek,3260
Canada,Winnipeg,625
Poland,Wroclaw,3031
China,Wuhan,11549
China,Wuhu,12088
Germany,Wuppertal,2317
Mexico,Xalapa,218
China,Xi'an,10479
China,Xiamen,12530
China,Xiangtan,11654
China,Xianyang,10463
China,Xiaogan,11494
China,Xingtai,10859
China,Xining,10097
China,Xinxiang,10990
China,Xuchang,11131
China,Xuzhou,11561
India,Yamunanagar,6907
China,Yancheng,12097
Myanmar,Yangon,10248
China,Yangzhou,12124
China,Yantai,11706
Cameroon,Yaounde,2961
Russia,Yaroslavl,3739
Iran,Yazd,5878
Russia,Yekaterinburg,5489
Armenia,Yerevan,4980
China,Yibin,10453
China,Yichang,11140
China,Yinchuan,10137
China,Yiwu,12451
China,Yiyang,11503
Indonesia,Yogyakarta,12394
China,Yueqing,12602
China,Yueyang,11537
China,Yulin,11689
Croatia,Zagreb,3032
Iran,Zahedan,5971
Tanzania,Zanzibar City,5262
Ukraine,Zaporizhzhia,3769
Spain,Zaragoza,1871
Nigeria,Zaria,2625
China,Zhangjiagang,12300
China,Zhangjiakou,10478
China,Zhangzhou,12513
China,Zhanjiang,11842
China,Zhaoqing,12011
China,Zhengzhou,11009
China,Zhenjiang,12153
China,Zhongshan,12181
China,Zhuhai,12211
China,Zhuzhou,11692
China,Zibo,11354
China,Zigong,10424
Niger,Zinder,2775
China,Zunyi,10809
Switzerland,Zurich,2463
